{
  "project_info": {
    "project_number": "153120815373",
    "firebase_url": "https://travelmantics-2f03d.firebaseio.com",
    "project_id": "travelmantics-2f03d",
    "storage_bucket": "travelmantics-2f03d.appspot.com"
  },
  "client": [
    {
      "client_info": {
        "mobilesdk_app_id": "1:153120815373:android:b4470d06b32c6715",
        "android_client_info": {
          "package_name": "com.example.travelmantics"
        }
      },
      "oauth_client": [
        {
          "client_id": "153120815373-ei1m022k1cr2shjothlafqsv11ganpdg.apps.googleusercontent.com",
          "client_type": 1,
          "android_info": {
            "package_name": "com.example.travelmantics",
            "certificate_hash": "c0f78e6d824b3c63d1d9a481535fe00511c25f75"
          }
        },
        {
          "client_id": "153120815373-a4uidnvhdhdol2uona70ichtgbn07t50.apps.googleusercontent.com",
          "client_type": 3
        }
      ],
      "api_key": [
        {
          "current_key": "AIzaSyALFm1R0KFDHqhtBbK9zh4-R2BrfO8xnLk"
        }
      ],
      "services": {
        "appinvite_service": {
          "other_platform_oauth_client": [
            {
              "client_id": "153120815373-a4uidnvhdhdol2uona70ichtgbn07t50.apps.googleusercontent.com",
              "client_type": 3
            }
          ]
        }
      }
    }
  ],
  "configuration_version": "1"
}